{
  "bill": {
    "congress": 112, 
    "number": 2087, 
    "type": "hr"
  }, 
  "category": "passage", 
  "chamber": "h", 
  "congress": 112, 
  "date": "2012-03-20T17:25:00-04:00", 
  "number": 117, 
  "question": "On Passage: H R 2087 To remove restrictions from a parcel of land situated in the Atlantic District, Accomack County, Virginia", 
  "requires": "1/2", 
  "result": "Passed", 
  "result_text": "Passed", 
  "session": "2012", 
  "source_url": "http://clerk.house.gov/evs/2012/roll117.xml", 
  "subject": "To remove restrictions from a parcel of land situated in the Atlantic District, Accomack County, Virginia", 
  "type": "On Passage of the Bill", 
  "updated_at": "2019-03-22T16:00:43-04:00", 
  "vote_id": "h117-112.2012", 
  "votes": {
    "Aye": [
      {
        "display_name": "Adams", 
        "id": "A000366", 
        "party": "R", 
        "state": "FL"
      }, 
      {
        "display_name": "Aderholt", 
        "id": "A000055", 
        "party": "R", 
        "state": "AL"
      }, 
      {
        "display_name": "Alexander", 
        "id": "A000361", 
        "party": "R", 
        "state": "LA"
      }, 
      {
        "display_name": "Amodei", 
        "id": "A000369", 
        "party": "R", 
        "state": "NV"
      }, 
      {
        "display_name": "Austria", 
        "id": "A000365", 
        "party": "R", 
        "state": "OH"
      }, 
      {
        "display_name": "Bachmann", 
        "id": "B001256", 
        "party": "R", 
        "state": "MN"
      }, 
      {
        "display_name": "Barletta", 
        "id": "B001269", 
        "party": "R", 
        "state": "PA"
      }, 
      {
        "display_name": "Barrow", 
        "id": "B001252", 
        "party": "D", 
        "state": "GA"
      }, 
      {
        "display_name": "Bartlett", 
        "id": "B000208", 
        "party": "R", 
        "state": "MD"
      }, 
      {
        "display_name": "Barton (TX)", 
        "id": "B000213", 
        "party": "R", 
        "state": "TX"
      }, 
      {
        "display_name": "Benishek", 
        "id": "B001271", 
        "party": "R", 
        "state": "MI"
      }, 
      {
        "display_name": "Berg", 
        "id": "B001272", 
        "party": "R", 
        "state": "ND"
      }, 
      {
        "display_name": "Berkley", 
        "id": "B001231", 
        "party": "D", 
        "state": "NV"
      }, 
      {
        "display_name": "Biggert", 
        "id": "B001232", 
        "party": "R", 
        "state": "IL"
      }, 
      {
        "display_name": "Bilbray", 
        "id": "B000461", 
        "party": "R", 
        "state": "CA"
      }, 
      {
        "display_name": "Bilirakis", 
        "id": "B001257", 
        "party": "R", 
        "state": "FL"
      }, 
      {
        "display_name": "Bishop (UT)", 
        "id": "B001250", 
        "party": "R", 
        "state": "UT"
      }, 
      {
        "display_name": "Black", 
        "id": "B001273", 
        "party": "R", 
        "state": "TN"
      }, 
      {
        "display_name": "Blackburn", 
        "id": "B001243", 
        "party": "R", 
        "state": "TN"
      }, 
      {
        "display_name": "Bonner", 
        "id": "B001244", 
        "party": "R", 
        "state": "AL"
      }, 
      {
        "display_name": "Boren", 
        "id": "B001254", 
        "party": "D", 
        "state": "OK"
      }, 
      {
        "display_name": "Boswell", 
        "id": "B000652", 
        "party": "D", 
        "state": "IA"
      }, 
      {
        "display_name": "Boustany", 
        "id": "B001255", 
        "party": "R", 
        "state": "LA"
      }, 
      {
        "display_name": "Brady (TX)", 
        "id": "B000755", 
        "party": "R", 
        "state": "TX"
      }, 
      {
        "display_name": "Brooks", 
        "id": "B001274", 
        "party": "R", 
        "state": "AL"
      }, 
      {
        "display_name": "Broun (GA)", 
        "id": "B001262", 
        "party": "R", 
        "state": "GA"
      }, 
      {
        "display_name": "Buchanan", 
        "id": "B001260", 
        "party": "R", 
        "state": "FL"
      }, 
      {
        "display_name": "Bucshon", 
        "id": "B001275", 
        "party": "R", 
        "state": "IN"
      }, 
      {
        "display_name": "Buerkle", 
        "id": "B001276", 
        "party": "R", 
        "state": "NY"
      }, 
      {
        "display_name": "Burgess", 
        "id": "B001248", 
        "party": "R", 
        "state": "TX"
      }, 
      {
        "display_name": "Burton (IN)", 
        "id": "B001149", 
        "party": "R", 
        "state": "IN"
      }, 
      {
        "display_name": "Calvert", 
        "id": "C000059", 
        "party": "R", 
        "state": "CA"
      }, 
      {
        "display_name": "Camp", 
        "id": "C000071", 
        "party": "R", 
        "state": "MI"
      }, 
      {
        "display_name": "Campbell", 
        "id": "C001064", 
        "party": "R", 
        "state": "CA"
      }, 
      {
        "display_name": "Canseco", 
        "id": "C001082", 
        "party": "R", 
        "state": "TX"
      }, 
      {
        "display_name": "Cantor", 
        "id": "C001046", 
        "party": "R", 
        "state": "VA"
      }, 
      {
        "display_name": "Capito", 
        "id": "C001047", 
        "party": "R", 
        "state": "WV"
      }, 
      {
        "display_name": "Carter", 
        "id": "C001051", 
        "party": "R", 
        "state": "TX"
      }, 
      {
        "display_name": "Cassidy", 
        "id": "C001075", 
        "party": "R", 
        "state": "LA"
      }, 
      {
        "display_name": "Chabot", 
        "id": "C000266", 
        "party": "R", 
        "state": "OH"
      }, 
      {
        "display_name": "Chaffetz", 
        "id": "C001076", 
        "party": "R", 
        "state": "UT"
      }, 
      {
        "display_name": "Chandler", 
        "id": "C001058", 
        "party": "D", 
        "state": "KY"
      }, 
      {
        "display_name": "Coble", 
        "id": "C000556", 
        "party": "R", 
        "state": "NC"
      }, 
      {
        "display_name": "Coffman (CO)", 
        "id": "C001077", 
        "party": "R", 
        "state": "CO"
      }, 
      {
        "display_name": "Cole", 
        "id": "C001053", 
        "party": "R", 
        "state": "OK"
      }, 
      {
        "display_name": "Conaway", 
        "id": "C001062", 
        "party": "R", 
        "state": "TX"
      }, 
      {
        "display_name": "Cravaack", 
        "id": "C001086", 
        "party": "R", 
        "state": "MN"
      }, 
      {
        "display_name": "Crawford", 
        "id": "C001087", 
        "party": "R", 
        "state": "AR"
      }, 
      {
        "display_name": "Crenshaw", 
        "id": "C001045", 
        "party": "R", 
        "state": "FL"
      }, 
      {
        "display_name": "Culberson", 
        "id": "C001048", 
        "party": "R", 
        "state": "TX"
      }, 
      {
        "display_name": "Davis (KY)", 
        "id": "D000603", 
        "party": "R", 
        "state": "KY"
      }, 
      {
        "display_name": "DeFazio", 
        "id": "D000191", 
        "party": "D", 
        "state": "OR"
      }, 
      {
        "display_name": "Denham", 
        "id": "D000612", 
        "party": "R", 
        "state": "CA"
      }, 
      {
        "display_name": "Dent", 
        "id": "D000604", 
        "party": "R", 
        "state": "PA"
      }, 
      {
        "display_name": "DesJarlais", 
        "id": "D000616", 
        "party": "R", 
        "state": "TN"
      }, 
      {
        "display_name": "Diaz-Balart", 
        "id": "D000600", 
        "party": "R", 
        "state": "FL"
      }, 
      {
        "display_name": "Dreier", 
        "id": "D000492", 
        "party": "R", 
        "state": "CA"
      }, 
      {
        "display_name": "Duffy", 
        "id": "D000614", 
        "party": "R", 
        "state": "WI"
      }, 
      {
        "display_name": "Duncan (SC)", 
        "id": "D000615", 
        "party": "R", 
        "state": "SC"
      }, 
      {
        "display_name": "Duncan (TN)", 
        "id": "D000533", 
        "party": "R", 
        "state": "TN"
      }, 
      {
        "display_name": "Ellmers", 
        "id": "E000291", 
        "party": "R", 
        "state": "NC"
      }, 
      {
        "display_name": "Emerson", 
        "id": "E000172", 
        "party": "R", 
        "state": "MO"
      }, 
      {
        "display_name": "Farenthold", 
        "id": "F000460", 
        "party": "R", 
        "state": "TX"
      }, 
      {
        "display_name": "Fincher", 
        "id": "F000458", 
        "party": "R", 
        "state": "TN"
      }, 
      {
        "display_name": "Flake", 
        "id": "F000444", 
        "party": "R", 
        "state": "AZ"
      }, 
      {
        "display_name": "Fleischmann", 
        "id": "F000459", 
        "party": "R", 
        "state": "TN"
      }, 
      {
        "display_name": "Fleming", 
        "id": "F000456", 
        "party": "R", 
        "state": "LA"
      }, 
      {
        "display_name": "Flores", 
        "id": "F000461", 
        "party": "R", 
        "state": "TX"
      }, 
      {
        "display_name": "Forbes", 
        "id": "F000445", 
        "party": "R", 
        "state": "VA"
      }, 
      {
        "display_name": "Fortenberry", 
        "id": "F000449", 
        "party": "R", 
        "state": "NE"
      }, 
      {
        "display_name": "Foxx", 
        "id": "F000450", 
        "party": "R", 
        "state": "NC"
      }, 
      {
        "display_name": "Franks (AZ)", 
        "id": "F000448", 
        "party": "R", 
        "state": "AZ"
      }, 
      {
        "display_name": "Frelinghuysen", 
        "id": "F000372", 
        "party": "R", 
        "state": "NJ"
      }, 
      {
        "display_name": "Gallegly", 
        "id": "G000021", 
        "party": "R", 
        "state": "CA"
      }, 
      {
        "display_name": "Gardner", 
        "id": "G000562", 
        "party": "R", 
        "state": "CO"
      }, 
      {
        "display_name": "Garrett", 
        "id": "G000548", 
        "party": "R", 
        "state": "NJ"
      }, 
      {
        "display_name": "Gibbs", 
        "id": "G000563", 
        "party": "R", 
        "state": "OH"
      }, 
      {
        "display_name": "Gibson", 
        "id": "G000564", 
        "party": "R", 
        "state": "NY"
      }, 
      {
        "display_name": "Gingrey (GA)", 
        "id": "G000550", 
        "party": "R", 
        "state": "GA"
      }, 
      {
        "display_name": "Gohmert", 
        "id": "G000552", 
        "party": "R", 
        "state": "TX"
      }, 
      {
        "display_name": "Goodlatte", 
        "id": "G000289", 
        "party": "R", 
        "state": "VA"
      }, 
      {
        "display_name": "Gosar", 
        "id": "G000565", 
        "party": "R", 
        "state": "AZ"
      }, 
      {
        "display_name": "Gowdy", 
        "id": "G000566", 
        "party": "R", 
        "state": "SC"
      }, 
      {
        "display_name": "Granger", 
        "id": "G000377", 
        "party": "R", 
        "state": "TX"
      }, 
      {
        "display_name": "Graves (GA)", 
        "id": "G000560", 
        "party": "R", 
        "state": "GA"
      }, 
      {
        "display_name": "Graves (MO)", 
        "id": "G000546", 
        "party": "R", 
        "state": "MO"
      }, 
      {
        "display_name": "Griffin (AR)", 
        "id": "G000567", 
        "party": "R", 
        "state": "AR"
      }, 
      {
        "display_name": "Griffith (VA)", 
        "id": "G000568", 
        "party": "R", 
        "state": "VA"
      }, 
      {
        "display_name": "Grimm", 
        "id": "G000569", 
        "party": "R", 
        "state": "NY"
      }, 
      {
        "display_name": "Guinta", 
        "id": "G000570", 
        "party": "R", 
        "state": "NH"
      }, 
      {
        "display_name": "Guthrie", 
        "id": "G000558", 
        "party": "R", 
        "state": "KY"
      }, 
      {
        "display_name": "Hall", 
        "id": "H000067", 
        "party": "R", 
        "state": "TX"
      }, 
      {
        "display_name": "Hanabusa", 
        "id": "H001050", 
        "party": "D", 
        "state": "HI"
      }, 
      {
        "display_name": "Hanna", 
        "id": "H001051", 
        "party": "R", 
        "state": "NY"
      }, 
      {
        "display_name": "Harper", 
        "id": "H001045", 
        "party": "R", 
        "state": "MS"
      }, 
      {
        "display_name": "Harris", 
        "id": "H001052", 
        "party": "R", 
        "state": "MD"
      }, 
      {
        "display_name": "Hartzler", 
        "id": "H001053", 
        "party": "R", 
        "state": "MO"
      }, 
      {
        "display_name": "Hastings (WA)", 
        "id": "H000329", 
        "party": "R", 
        "state": "WA"
      }, 
      {
        "display_name": "Hayworth", 
        "id": "H001054", 
        "party": "R", 
        "state": "NY"
      }, 
      {
        "display_name": "Heck", 
        "id": "H001055", 
        "party": "R", 
        "state": "NV"
      }, 
      {
        "display_name": "Heinrich", 
        "id": "H001046", 
        "party": "D", 
        "state": "NM"
      }, 
      {
        "display_name": "Hensarling", 
        "id": "H001036", 
        "party": "R", 
        "state": "TX"
      }, 
      {
        "display_name": "Herger", 
        "id": "H000528", 
        "party": "R", 
        "state": "CA"
      }, 
      {
        "display_name": "Herrera Beutler", 
        "id": "H001056", 
        "party": "R", 
        "state": "WA"
      }, 
      {
        "display_name": "Huelskamp", 
        "id": "H001057", 
        "party": "R", 
        "state": "KS"
      }, 
      {
        "display_name": "Huizenga (MI)", 
        "id": "H001058", 
        "party": "R", 
        "state": "MI"
      }, 
      {
        "display_name": "Hultgren", 
        "id": "H001059", 
        "party": "R", 
        "state": "IL"
      }, 
      {
        "display_name": "Hunter", 
        "id": "H001048", 
        "party": "R", 
        "state": "CA"
      }, 
      {
        "display_name": "Hurt", 
        "id": "H001060", 
        "party": "R", 
        "state": "VA"
      }, 
      {
        "display_name": "Issa", 
        "id": "I000056", 
        "party": "R", 
        "state": "CA"
      }, 
      {
        "display_name": "Jenkins", 
        "id": "J000290", 
        "party": "R", 
        "state": "KS"
      }, 
      {
        "display_name": "Johnson (IL)", 
        "id": "J000285", 
        "party": "R", 
        "state": "IL"
      }, 
      {
        "display_name": "Johnson (OH)", 
        "id": "J000292", 
        "party": "R", 
        "state": "OH"
      }, 
      {
        "display_name": "Johnson, Sam", 
        "id": "J000174", 
        "party": "R", 
        "state": "TX"
      }, 
      {
        "display_name": "Jones", 
        "id": "J000255", 
        "party": "R", 
        "state": "NC"
      }, 
      {
        "display_name": "Jordan", 
        "id": "J000289", 
        "party": "R", 
        "state": "OH"
      }, 
      {
        "display_name": "Kelly", 
        "id": "K000376", 
        "party": "R", 
        "state": "PA"
      }, 
      {
        "display_name": "King (IA)", 
        "id": "K000362", 
        "party": "R", 
        "state": "IA"
      }, 
      {
        "display_name": "King (NY)", 
        "id": "K000210", 
        "party": "R", 
        "state": "NY"
      }, 
      {
        "display_name": "Kingston", 
        "id": "K000220", 
        "party": "R", 
        "state": "GA"
      }, 
      {
        "display_name": "Kissell", 
        "id": "K000369", 
        "party": "D", 
        "state": "NC"
      }, 
      {
        "display_name": "Kline", 
        "id": "K000363", 
        "party": "R", 
        "state": "MN"
      }, 
      {
        "display_name": "Labrador", 
        "id": "L000573", 
        "party": "R", 
        "state": "ID"
      }, 
      {
        "display_name": "Lamborn", 
        "id": "L000564", 
        "party": "R", 
        "state": "CO"
      }, 
      {
        "display_name": "Lance", 
        "id": "L000567", 
        "party": "R", 
        "state": "NJ"
      }, 
      {
        "display_name": "Landry", 
        "id": "L000574", 
        "party": "R", 
        "state": "LA"
      }, 
      {
        "display_name": "Lankford", 
        "id": "L000575", 
        "party": "R", 
        "state": "OK"
      }, 
      {
        "display_name": "Larsen (WA)", 
        "id": "L000560", 
        "party": "D", 
        "state": "WA"
      }, 
      {
        "display_name": "Latham", 
        "id": "L000111", 
        "party": "R", 
        "state": "IA"
      }, 
      {
        "display_name": "LaTourette", 
        "id": "L000553", 
        "party": "R", 
        "state": "OH"
      }, 
      {
        "display_name": "Latta", 
        "id": "L000566", 
        "party": "R", 
        "state": "OH"
      }, 
      {
        "display_name": "LoBiondo", 
        "id": "L000554", 
        "party": "R", 
        "state": "NJ"
      }, 
      {
        "display_name": "Long", 
        "id": "L000576", 
        "party": "R", 
        "state": "MO"
      }, 
      {
        "display_name": "Lucas", 
        "id": "L000491", 
        "party": "R", 
        "state": "OK"
      }, 
      {
        "display_name": "Luetkemeyer", 
        "id": "L000569", 
        "party": "R", 
        "state": "MO"
      }, 
      {
        "display_name": "Lummis", 
        "id": "L000571", 
        "party": "R", 
        "state": "WY"
      }, 
      {
        "display_name": "Lungren, Daniel E.", 
        "id": "L000517", 
        "party": "R", 
        "state": "CA"
      }, 
      {
        "display_name": "Mack", 
        "id": "M001155", 
        "party": "R", 
        "state": "FL"
      }, 
      {
        "display_name": "Marchant", 
        "id": "M001158", 
        "party": "R", 
        "state": "TX"
      }, 
      {
        "display_name": "McCarthy (CA)", 
        "id": "M001165", 
        "party": "R", 
        "state": "CA"
      }, 
      {
        "display_name": "McCaul", 
        "id": "M001157", 
        "party": "R", 
        "state": "TX"
      }, 
      {
        "display_name": "McClintock", 
        "id": "M001177", 
        "party": "R", 
        "state": "CA"
      }, 
      {
        "display_name": "McCotter", 
        "id": "M001147", 
        "party": "R", 
        "state": "MI"
      }, 
      {
        "display_name": "McHenry", 
        "id": "M001156", 
        "party": "R", 
        "state": "NC"
      }, 
      {
        "display_name": "McIntyre", 
        "id": "M000485", 
        "party": "D", 
        "state": "NC"
      }, 
      {
        "display_name": "McKeon", 
        "id": "M000508", 
        "party": "R", 
        "state": "CA"
      }, 
      {
        "display_name": "McKinley", 
        "id": "M001180", 
        "party": "R", 
        "state": "WV"
      }, 
      {
        "display_name": "McMorris Rodgers", 
        "id": "M001159", 
        "party": "R", 
        "state": "WA"
      }, 
      {
        "display_name": "Mica", 
        "id": "M000689", 
        "party": "R", 
        "state": "FL"
      }, 
      {
        "display_name": "Michaud", 
        "id": "M001149", 
        "party": "D", 
        "state": "ME"
      }, 
      {
        "display_name": "Miller (FL)", 
        "id": "M001144", 
        "party": "R", 
        "state": "FL"
      }, 
      {
        "display_name": "Miller (MI)", 
        "id": "M001150", 
        "party": "R", 
        "state": "MI"
      }, 
      {
        "display_name": "Miller, Gary", 
        "id": "M001139", 
        "party": "R", 
        "state": "CA"
      }, 
      {
        "display_name": "Moran", 
        "id": "M000933", 
        "party": "D", 
        "state": "VA"
      }, 
      {
        "display_name": "Mulvaney", 
        "id": "M001182", 
        "party": "R", 
        "state": "SC"
      }, 
      {
        "display_name": "Murphy (PA)", 
        "id": "M001151", 
        "party": "R", 
        "state": "PA"
      }, 
      {
        "display_name": "Myrick", 
        "id": "M001134", 
        "party": "R", 
        "state": "NC"
      }, 
      {
        "display_name": "Neugebauer", 
        "id": "N000182", 
        "party": "R", 
        "state": "TX"
      }, 
      {
        "display_name": "Noem", 
        "id": "N000184", 
        "party": "R", 
        "state": "SD"
      }, 
      {
        "display_name": "Nugent", 
        "id": "N000185", 
        "party": "R", 
        "state": "FL"
      }, 
      {
        "display_name": "Nunes", 
        "id": "N000181", 
        "party": "R", 
        "state": "CA"
      }, 
      {
        "display_name": "Nunnelee", 
        "id": "N000186", 
        "party": "R", 
        "state": "MS"
      }, 
      {
        "display_name": "Olson", 
        "id": "O000168", 
        "party": "R", 
        "state": "TX"
      }, 
      {
        "display_name": "Palazzo", 
        "id": "P000601", 
        "party": "R", 
        "state": "MS"
      }, 
      {
        "display_name": "Paulsen", 
        "id": "P000594", 
        "party": "R", 
        "state": "MN"
      }, 
      {
        "display_name": "Pearce", 
        "id": "P000588", 
        "party": "R", 
        "state": "NM"
      }, 
      {
        "display_name": "Pence", 
        "id": "P000587", 
        "party": "R", 
        "state": "IN"
      }, 
      {
        "display_name": "Petri", 
        "id": "P000265", 
        "party": "R", 
        "state": "WI"
      }, 
      {
        "display_name": "Pitts", 
        "id": "P000373", 
        "party": "R", 
        "state": "PA"
      }, 
      {
        "display_name": "Platts", 
        "id": "P000585", 
        "party": "R", 
        "state": "PA"
      }, 
      {
        "display_name": "Poe (TX)", 
        "id": "P000592", 
        "party": "R", 
        "state": "TX"
      }, 
      {
        "display_name": "Pompeo", 
        "id": "P000602", 
        "party": "R", 
        "state": "KS"
      }, 
      {
        "display_name": "Posey", 
        "id": "P000599", 
        "party": "R", 
        "state": "FL"
      }, 
      {
        "display_name": "Price (GA)", 
        "id": "P000591", 
        "party": "R", 
        "state": "GA"
      }, 
      {
        "display_name": "Quayle", 
        "id": "Q000024", 
        "party": "R", 
        "state": "AZ"
      }, 
      {
        "display_name": "Reed", 
        "id": "R000585", 
        "party": "R", 
        "state": "NY"
      }, 
      {
        "display_name": "Rehberg", 
        "id": "R000571", 
        "party": "R", 
        "state": "MT"
      }, 
      {
        "display_name": "Reichert", 
        "id": "R000578", 
        "party": "R", 
        "state": "WA"
      }, 
      {
        "display_name": "Renacci", 
        "id": "R000586", 
        "party": "R", 
        "state": "OH"
      }, 
      {
        "display_name": "Ribble", 
        "id": "R000587", 
        "party": "R", 
        "state": "WI"
      }, 
      {
        "display_name": "Rigell", 
        "id": "R000589", 
        "party": "R", 
        "state": "VA"
      }, 
      {
        "display_name": "Rivera", 
        "id": "R000590", 
        "party": "R", 
        "state": "FL"
      }, 
      {
        "display_name": "Roby", 
        "id": "R000591", 
        "party": "R", 
        "state": "AL"
      }, 
      {
        "display_name": "Roe (TN)", 
        "id": "R000582", 
        "party": "R", 
        "state": "TN"
      }, 
      {
        "display_name": "Rogers (AL)", 
        "id": "R000575", 
        "party": "R", 
        "state": "AL"
      }, 
      {
        "display_name": "Rogers (KY)", 
        "id": "R000395", 
        "party": "R", 
        "state": "KY"
      }, 
      {
        "display_name": "Rogers (MI)", 
        "id": "R000572", 
        "party": "R", 
        "state": "MI"
      }, 
      {
        "display_name": "Rohrabacher", 
        "id": "R000409", 
        "party": "R", 
        "state": "CA"
      }, 
      {
        "display_name": "Rokita", 
        "id": "R000592", 
        "party": "R", 
        "state": "IN"
      }, 
      {
        "display_name": "Rooney", 
        "id": "R000583", 
        "party": "R", 
        "state": "FL"
      }, 
      {
        "display_name": "Ros-Lehtinen", 
        "id": "R000435", 
        "party": "R", 
        "state": "FL"
      }, 
      {
        "display_name": "Roskam", 
        "id": "R000580", 
        "party": "R", 
        "state": "IL"
      }, 
      {
        "display_name": "Ross (FL)", 
        "id": "R000593", 
        "party": "R", 
        "state": "FL"
      }, 
      {
        "display_name": "Royce", 
        "id": "R000487", 
        "party": "R", 
        "state": "CA"
      }, 
      {
        "display_name": "Runyan", 
        "id": "R000594", 
        "party": "R", 
        "state": "NJ"
      }, 
      {
        "display_name": "Ruppersberger", 
        "id": "R000576", 
        "party": "D", 
        "state": "MD"
      }, 
      {
        "display_name": "Ryan (WI)", 
        "id": "R000570", 
        "party": "R", 
        "state": "WI"
      }, 
      {
        "display_name": "Scalise", 
        "id": "S001176", 
        "party": "R", 
        "state": "LA"
      }, 
      {
        "display_name": "Schilling", 
        "id": "S001182", 
        "party": "R", 
        "state": "IL"
      }, 
      {
        "display_name": "Schmidt", 
        "id": "S001164", 
        "party": "R", 
        "state": "OH"
      }, 
      {
        "display_name": "Schrader", 
        "id": "S001180", 
        "party": "D", 
        "state": "OR"
      }, 
      {
        "display_name": "Schweikert", 
        "id": "S001183", 
        "party": "R", 
        "state": "AZ"
      }, 
      {
        "display_name": "Scott (SC)", 
        "id": "S001184", 
        "party": "R", 
        "state": "SC"
      }, 
      {
        "display_name": "Scott (VA)", 
        "id": "S000185", 
        "party": "D", 
        "state": "VA"
      }, 
      {
        "display_name": "Scott, Austin", 
        "id": "S001189", 
        "party": "R", 
        "state": "GA"
      }, 
      {
        "display_name": "Scott, David", 
        "id": "S001157", 
        "party": "D", 
        "state": "GA"
      }, 
      {
        "display_name": "Sensenbrenner", 
        "id": "S000244", 
        "party": "R", 
        "state": "WI"
      }, 
      {
        "display_name": "Shimkus", 
        "id": "S000364", 
        "party": "R", 
        "state": "IL"
      }, 
      {
        "display_name": "Shuster", 
        "id": "S001154", 
        "party": "R", 
        "state": "PA"
      }, 
      {
        "display_name": "Simpson", 
        "id": "S001148", 
        "party": "R", 
        "state": "ID"
      }, 
      {
        "display_name": "Smith (NE)", 
        "id": "S001172", 
        "party": "R", 
        "state": "NE"
      }, 
      {
        "display_name": "Smith (NJ)", 
        "id": "S000522", 
        "party": "R", 
        "state": "NJ"
      }, 
      {
        "display_name": "Smith (TX)", 
        "id": "S000583", 
        "party": "R", 
        "state": "TX"
      }, 
      {
        "display_name": "Southerland", 
        "id": "S001186", 
        "party": "R", 
        "state": "FL"
      }, 
      {
        "display_name": "Stearns", 
        "id": "S000822", 
        "party": "R", 
        "state": "FL"
      }, 
      {
        "display_name": "Stivers", 
        "id": "S001187", 
        "party": "R", 
        "state": "OH"
      }, 
      {
        "display_name": "Stutzman", 
        "id": "S001188", 
        "party": "R", 
        "state": "IN"
      }, 
      {
        "display_name": "Sullivan", 
        "id": "S001155", 
        "party": "R", 
        "state": "OK"
      }, 
      {
        "display_name": "Terry", 
        "id": "T000459", 
        "party": "R", 
        "state": "NE"
      }, 
      {
        "display_name": "Thompson (PA)", 
        "id": "T000467", 
        "party": "R", 
        "state": "PA"
      }, 
      {
        "display_name": "Thornberry", 
        "id": "T000238", 
        "party": "R", 
        "state": "TX"
      }, 
      {
        "display_name": "Tiberi", 
        "id": "T000462", 
        "party": "R", 
        "state": "OH"
      }, 
      {
        "display_name": "Turner (NY)", 
        "id": "T000471", 
        "party": "R", 
        "state": "NY"
      }, 
      {
        "display_name": "Turner (OH)", 
        "id": "T000463", 
        "party": "R", 
        "state": "OH"
      }, 
      {
        "display_name": "Upton", 
        "id": "U000031", 
        "party": "R", 
        "state": "MI"
      }, 
      {
        "display_name": "Walberg", 
        "id": "W000798", 
        "party": "R", 
        "state": "MI"
      }, 
      {
        "display_name": "Walden", 
        "id": "W000791", 
        "party": "R", 
        "state": "OR"
      }, 
      {
        "display_name": "Webster", 
        "id": "W000806", 
        "party": "R", 
        "state": "FL"
      }, 
      {
        "display_name": "West", 
        "id": "W000807", 
        "party": "R", 
        "state": "FL"
      }, 
      {
        "display_name": "Westmoreland", 
        "id": "W000796", 
        "party": "R", 
        "state": "GA"
      }, 
      {
        "display_name": "Whitfield", 
        "id": "W000413", 
        "party": "R", 
        "state": "KY"
      }, 
      {
        "display_name": "Wilson (SC)", 
        "id": "W000795", 
        "party": "R", 
        "state": "SC"
      }, 
      {
        "display_name": "Wittman", 
        "id": "W000804", 
        "party": "R", 
        "state": "VA"
      }, 
      {
        "display_name": "Wolf", 
        "id": "W000672", 
        "party": "R", 
        "state": "VA"
      }, 
      {
        "display_name": "Womack", 
        "id": "W000809", 
        "party": "R", 
        "state": "AR"
      }, 
      {
        "display_name": "Woodall", 
        "id": "W000810", 
        "party": "R", 
        "state": "GA"
      }, 
      {
        "display_name": "Yoder", 
        "id": "Y000063", 
        "party": "R", 
        "state": "KS"
      }, 
      {
        "display_name": "Young (AK)", 
        "id": "Y000033", 
        "party": "R", 
        "state": "AK"
      }, 
      {
        "display_name": "Young (FL)", 
        "id": "Y000031", 
        "party": "R", 
        "state": "FL"
      }, 
      {
        "display_name": "Young (IN)", 
        "id": "Y000064", 
        "party": "R", 
        "state": "IN"
      }
    ], 
    "No": [
      {
        "display_name": "Ackerman", 
        "id": "A000022", 
        "party": "D", 
        "state": "NY"
      }, 
      {
        "display_name": "Altmire", 
        "id": "A000362", 
        "party": "D", 
        "state": "PA"
      }, 
      {
        "display_name": "Amash", 
        "id": "A000367", 
        "party": "R", 
        "state": "MI"
      }, 
      {
        "display_name": "Andrews", 
        "id": "A000210", 
        "party": "D", 
        "state": "NJ"
      }, 
      {
        "display_name": "Baca", 
        "id": "B001234", 
        "party": "D", 
        "state": "CA"
      }, 
      {
        "display_name": "Baldwin", 
        "id": "B001230", 
        "party": "D", 
        "state": "WI"
      }, 
      {
        "display_name": "Bass (CA)", 
        "id": "B001270", 
        "party": "D", 
        "state": "CA"
      }, 
      {
        "display_name": "Becerra", 
        "id": "B000287", 
        "party": "D", 
        "state": "CA"
      }, 
      {
        "display_name": "Berman", 
        "id": "B000410", 
        "party": "D", 
        "state": "CA"
      }, 
      {
        "display_name": "Bishop (GA)", 
        "id": "B000490", 
        "party": "D", 
        "state": "GA"
      }, 
      {
        "display_name": "Bishop (NY)", 
        "id": "B001242", 
        "party": "D", 
        "state": "NY"
      }, 
      {
        "display_name": "Blumenauer", 
        "id": "B000574", 
        "party": "D", 
        "state": "OR"
      }, 
      {
        "display_name": "Bonamici", 
        "id": "B001278", 
        "party": "D", 
        "state": "OR"
      }, 
      {
        "display_name": "Brady (PA)", 
        "id": "B001227", 
        "party": "D", 
        "state": "PA"
      }, 
      {
        "display_name": "Braley (IA)", 
        "id": "B001259", 
        "party": "D", 
        "state": "IA"
      }, 
      {
        "display_name": "Brown (FL)", 
        "id": "B000911", 
        "party": "D", 
        "state": "FL"
      }, 
      {
        "display_name": "Butterfield", 
        "id": "B001251", 
        "party": "D", 
        "state": "NC"
      }, 
      {
        "display_name": "Capps", 
        "id": "C001036", 
        "party": "D", 
        "state": "CA"
      }, 
      {
        "display_name": "Capuano", 
        "id": "C001037", 
        "party": "D", 
        "state": "MA"
      }, 
      {
        "display_name": "Cardoza", 
        "id": "C001050", 
        "party": "D", 
        "state": "CA"
      }, 
      {
        "display_name": "Carnahan", 
        "id": "C001060", 
        "party": "D", 
        "state": "MO"
      }, 
      {
        "display_name": "Carney", 
        "id": "C001083", 
        "party": "D", 
        "state": "DE"
      }, 
      {
        "display_name": "Carson (IN)", 
        "id": "C001072", 
        "party": "D", 
        "state": "IN"
      }, 
      {
        "display_name": "Castor (FL)", 
        "id": "C001066", 
        "party": "D", 
        "state": "FL"
      }, 
      {
        "display_name": "Chu", 
        "id": "C001080", 
        "party": "D", 
        "state": "CA"
      }, 
      {
        "display_name": "Cicilline", 
        "id": "C001084", 
        "party": "D", 
        "state": "RI"
      }, 
      {
        "display_name": "Clarke (MI)", 
        "id": "C001085", 
        "party": "D", 
        "state": "MI"
      }, 
      {
        "display_name": "Clarke (NY)", 
        "id": "C001067", 
        "party": "D", 
        "state": "NY"
      }, 
      {
        "display_name": "Clay", 
        "id": "C001049", 
        "party": "D", 
        "state": "MO"
      }, 
      {
        "display_name": "Clyburn", 
        "id": "C000537", 
        "party": "D", 
        "state": "SC"
      }, 
      {
        "display_name": "Cohen", 
        "id": "C001068", 
        "party": "D", 
        "state": "TN"
      }, 
      {
        "display_name": "Connolly (VA)", 
        "id": "C001078", 
        "party": "D", 
        "state": "VA"
      }, 
      {
        "display_name": "Conyers", 
        "id": "C000714", 
        "party": "D", 
        "state": "MI"
      }, 
      {
        "display_name": "Cooper", 
        "id": "C000754", 
        "party": "D", 
        "state": "TN"
      }, 
      {
        "display_name": "Costa", 
        "id": "C001059", 
        "party": "D", 
        "state": "CA"
      }, 
      {
        "display_name": "Costello", 
        "id": "C000794", 
        "party": "D", 
        "state": "IL"
      }, 
      {
        "display_name": "Courtney", 
        "id": "C001069", 
        "party": "D", 
        "state": "CT"
      }, 
      {
        "display_name": "Critz", 
        "id": "C001081", 
        "party": "D", 
        "state": "PA"
      }, 
      {
        "display_name": "Crowley", 
        "id": "C001038", 
        "party": "D", 
        "state": "NY"
      }, 
      {
        "display_name": "Cuellar", 
        "id": "C001063", 
        "party": "D", 
        "state": "TX"
      }, 
      {
        "display_name": "Cummings", 
        "id": "C000984", 
        "party": "D", 
        "state": "MD"
      }, 
      {
        "display_name": "Davis (CA)", 
        "id": "D000598", 
        "party": "D", 
        "state": "CA"
      }, 
      {
        "display_name": "DeGette", 
        "id": "D000197", 
        "party": "D", 
        "state": "CO"
      }, 
      {
        "display_name": "DeLauro", 
        "id": "D000216", 
        "party": "D", 
        "state": "CT"
      }, 
      {
        "display_name": "Deutch", 
        "id": "D000610", 
        "party": "D", 
        "state": "FL"
      }, 
      {
        "display_name": "Dicks", 
        "id": "D000327", 
        "party": "D", 
        "state": "WA"
      }, 
      {
        "display_name": "Dingell", 
        "id": "D000355", 
        "party": "D", 
        "state": "MI"
      }, 
      {
        "display_name": "Donnelly (IN)", 
        "id": "D000607", 
        "party": "D", 
        "state": "IN"
      }, 
      {
        "display_name": "Doyle", 
        "id": "D000482", 
        "party": "D", 
        "state": "PA"
      }, 
      {
        "display_name": "Edwards", 
        "id": "E000290", 
        "party": "D", 
        "state": "MD"
      }, 
      {
        "display_name": "Ellison", 
        "id": "E000288", 
        "party": "D", 
        "state": "MN"
      }, 
      {
        "display_name": "Engel", 
        "id": "E000179", 
        "party": "D", 
        "state": "NY"
      }, 
      {
        "display_name": "Eshoo", 
        "id": "E000215", 
        "party": "D", 
        "state": "CA"
      }, 
      {
        "display_name": "Farr", 
        "id": "F000030", 
        "party": "D", 
        "state": "CA"
      }, 
      {
        "display_name": "Fattah", 
        "id": "F000043", 
        "party": "D", 
        "state": "PA"
      }, 
      {
        "display_name": "Filner", 
        "id": "F000116", 
        "party": "D", 
        "state": "CA"
      }, 
      {
        "display_name": "Fitzpatrick", 
        "id": "F000451", 
        "party": "R", 
        "state": "PA"
      }, 
      {
        "display_name": "Frank (MA)", 
        "id": "F000339", 
        "party": "D", 
        "state": "MA"
      }, 
      {
        "display_name": "Fudge", 
        "id": "F000455", 
        "party": "D", 
        "state": "OH"
      }, 
      {
        "display_name": "Garamendi", 
        "id": "G000559", 
        "party": "D", 
        "state": "CA"
      }, 
      {
        "display_name": "Gerlach", 
        "id": "G000549", 
        "party": "R", 
        "state": "PA"
      }, 
      {
        "display_name": "Green, Al", 
        "id": "G000553", 
        "party": "D", 
        "state": "TX"
      }, 
      {
        "display_name": "Green, Gene", 
        "id": "G000410", 
        "party": "D", 
        "state": "TX"
      }, 
      {
        "display_name": "Grijalva", 
        "id": "G000551", 
        "party": "D", 
        "state": "AZ"
      }, 
      {
        "display_name": "Gutierrez", 
        "id": "G000535", 
        "party": "D", 
        "state": "IL"
      }, 
      {
        "display_name": "Hahn", 
        "id": "H001063", 
        "party": "D", 
        "state": "CA"
      }, 
      {
        "display_name": "Hastings (FL)", 
        "id": "H000324", 
        "party": "D", 
        "state": "FL"
      }, 
      {
        "display_name": "Higgins", 
        "id": "H001038", 
        "party": "D", 
        "state": "NY"
      }, 
      {
        "display_name": "Himes", 
        "id": "H001047", 
        "party": "D", 
        "state": "CT"
      }, 
      {
        "display_name": "Hinchey", 
        "id": "H000627", 
        "party": "D", 
        "state": "NY"
      }, 
      {
        "display_name": "Hinojosa", 
        "id": "H000636", 
        "party": "D", 
        "state": "TX"
      }, 
      {
        "display_name": "Hirono", 
        "id": "H001042", 
        "party": "D", 
        "state": "HI"
      }, 
      {
        "display_name": "Hochul", 
        "id": "H001062", 
        "party": "D", 
        "state": "NY"
      }, 
      {
        "display_name": "Holden", 
        "id": "H000712", 
        "party": "D", 
        "state": "PA"
      }, 
      {
        "display_name": "Holt", 
        "id": "H001032", 
        "party": "D", 
        "state": "NJ"
      }, 
      {
        "display_name": "Honda", 
        "id": "H001034", 
        "party": "D", 
        "state": "CA"
      }, 
      {
        "display_name": "Hoyer", 
        "id": "H000874", 
        "party": "D", 
        "state": "MD"
      }, 
      {
        "display_name": "Israel", 
        "id": "I000057", 
        "party": "D", 
        "state": "NY"
      }, 
      {
        "display_name": "Jackson Lee (TX)", 
        "id": "J000032", 
        "party": "D", 
        "state": "TX"
      }, 
      {
        "display_name": "Johnson (GA)", 
        "id": "J000288", 
        "party": "D", 
        "state": "GA"
      }, 
      {
        "display_name": "Johnson, E. B.", 
        "id": "J000126", 
        "party": "D", 
        "state": "TX"
      }, 
      {
        "display_name": "Kaptur", 
        "id": "K000009", 
        "party": "D", 
        "state": "OH"
      }, 
      {
        "display_name": "Keating", 
        "id": "K000375", 
        "party": "D", 
        "state": "MA"
      }, 
      {
        "display_name": "Kildee", 
        "id": "K000172", 
        "party": "D", 
        "state": "MI"
      }, 
      {
        "display_name": "Kind", 
        "id": "K000188", 
        "party": "D", 
        "state": "WI"
      }, 
      {
        "display_name": "Kucinich", 
        "id": "K000336", 
        "party": "D", 
        "state": "OH"
      }, 
      {
        "display_name": "Langevin", 
        "id": "L000559", 
        "party": "D", 
        "state": "RI"
      }, 
      {
        "display_name": "Larson (CT)", 
        "id": "L000557", 
        "party": "D", 
        "state": "CT"
      }, 
      {
        "display_name": "Levin", 
        "id": "L000263", 
        "party": "D", 
        "state": "MI"
      }, 
      {
        "display_name": "Lewis (GA)", 
        "id": "L000287", 
        "party": "D", 
        "state": "GA"
      }, 
      {
        "display_name": "Loebsack", 
        "id": "L000565", 
        "party": "D", 
        "state": "IA"
      }, 
      {
        "display_name": "Lofgren, Zoe", 
        "id": "L000397", 
        "party": "D", 
        "state": "CA"
      }, 
      {
        "display_name": "Lowey", 
        "id": "L000480", 
        "party": "D", 
        "state": "NY"
      }, 
      {
        "display_name": "Luj\u00e1n", 
        "id": "L000570", 
        "party": "D", 
        "state": "NM"
      }, 
      {
        "display_name": "Lynch", 
        "id": "L000562", 
        "party": "D", 
        "state": "MA"
      }, 
      {
        "display_name": "Maloney", 
        "id": "M000087", 
        "party": "D", 
        "state": "NY"
      }, 
      {
        "display_name": "Markey", 
        "id": "M000133", 
        "party": "D", 
        "state": "MA"
      }, 
      {
        "display_name": "Matheson", 
        "id": "M001142", 
        "party": "D", 
        "state": "UT"
      }, 
      {
        "display_name": "Matsui", 
        "id": "M001163", 
        "party": "D", 
        "state": "CA"
      }, 
      {
        "display_name": "McCarthy (NY)", 
        "id": "M000309", 
        "party": "D", 
        "state": "NY"
      }, 
      {
        "display_name": "McCollum", 
        "id": "M001143", 
        "party": "D", 
        "state": "MN"
      }, 
      {
        "display_name": "McDermott", 
        "id": "M000404", 
        "party": "D", 
        "state": "WA"
      }, 
      {
        "display_name": "McGovern", 
        "id": "M000312", 
        "party": "D", 
        "state": "MA"
      }, 
      {
        "display_name": "McNerney", 
        "id": "M001166", 
        "party": "D", 
        "state": "CA"
      }, 
      {
        "display_name": "Meeks", 
        "id": "M001137", 
        "party": "D", 
        "state": "NY"
      }, 
      {
        "display_name": "Miller (NC)", 
        "id": "M001154", 
        "party": "D", 
        "state": "NC"
      }, 
      {
        "display_name": "Miller, George", 
        "id": "M000725", 
        "party": "D", 
        "state": "CA"
      }, 
      {
        "display_name": "Moore", 
        "id": "M001160", 
        "party": "D", 
        "state": "WI"
      }, 
      {
        "display_name": "Murphy (CT)", 
        "id": "M001169", 
        "party": "D", 
        "state": "CT"
      }, 
      {
        "display_name": "Nadler", 
        "id": "N000002", 
        "party": "D", 
        "state": "NY"
      }, 
      {
        "display_name": "Napolitano", 
        "id": "N000179", 
        "party": "D", 
        "state": "CA"
      }, 
      {
        "display_name": "Neal", 
        "id": "N000015", 
        "party": "D", 
        "state": "MA"
      }, 
      {
        "display_name": "Olver", 
        "id": "O000085", 
        "party": "D", 
        "state": "MA"
      }, 
      {
        "display_name": "Owens", 
        "id": "O000169", 
        "party": "D", 
        "state": "NY"
      }, 
      {
        "display_name": "Pallone", 
        "id": "P000034", 
        "party": "D", 
        "state": "NJ"
      }, 
      {
        "display_name": "Pascrell", 
        "id": "P000096", 
        "party": "D", 
        "state": "NJ"
      }, 
      {
        "display_name": "Pastor (AZ)", 
        "id": "P000099", 
        "party": "D", 
        "state": "AZ"
      }, 
      {
        "display_name": "Pelosi", 
        "id": "P000197", 
        "party": "D", 
        "state": "CA"
      }, 
      {
        "display_name": "Peters", 
        "id": "P000595", 
        "party": "D", 
        "state": "MI"
      }, 
      {
        "display_name": "Peterson", 
        "id": "P000258", 
        "party": "D", 
        "state": "MN"
      }, 
      {
        "display_name": "Pingree (ME)", 
        "id": "P000597", 
        "party": "D", 
        "state": "ME"
      }, 
      {
        "display_name": "Polis", 
        "id": "P000598", 
        "party": "D", 
        "state": "CO"
      }, 
      {
        "display_name": "Price (NC)", 
        "id": "P000523", 
        "party": "D", 
        "state": "NC"
      }, 
      {
        "display_name": "Quigley", 
        "id": "Q000023", 
        "party": "D", 
        "state": "IL"
      }, 
      {
        "display_name": "Rahall", 
        "id": "R000011", 
        "party": "D", 
        "state": "WV"
      }, 
      {
        "display_name": "Reyes", 
        "id": "R000170", 
        "party": "D", 
        "state": "TX"
      }, 
      {
        "display_name": "Richardson", 
        "id": "R000581", 
        "party": "D", 
        "state": "CA"
      }, 
      {
        "display_name": "Richmond", 
        "id": "R000588", 
        "party": "D", 
        "state": "LA"
      }, 
      {
        "display_name": "Ross (AR)", 
        "id": "R000573", 
        "party": "D", 
        "state": "AR"
      }, 
      {
        "display_name": "Rothman (NJ)", 
        "id": "R000462", 
        "party": "D", 
        "state": "NJ"
      }, 
      {
        "display_name": "Roybal-Allard", 
        "id": "R000486", 
        "party": "D", 
        "state": "CA"
      }, 
      {
        "display_name": "Ryan (OH)", 
        "id": "R000577", 
        "party": "D", 
        "state": "OH"
      }, 
      {
        "display_name": "Sanchez, Loretta", 
        "id": "S000030", 
        "party": "D", 
        "state": "CA"
      }, 
      {
        "display_name": "Sarbanes", 
        "id": "S001168", 
        "party": "D", 
        "state": "MD"
      }, 
      {
        "display_name": "Schakowsky", 
        "id": "S001145", 
        "party": "D", 
        "state": "IL"
      }, 
      {
        "display_name": "Schiff", 
        "id": "S001150", 
        "party": "D", 
        "state": "CA"
      }, 
      {
        "display_name": "Schwartz", 
        "id": "S001162", 
        "party": "D", 
        "state": "PA"
      }, 
      {
        "display_name": "Serrano", 
        "id": "S000248", 
        "party": "D", 
        "state": "NY"
      }, 
      {
        "display_name": "Sewell", 
        "id": "S001185", 
        "party": "D", 
        "state": "AL"
      }, 
      {
        "display_name": "Sherman", 
        "id": "S000344", 
        "party": "D", 
        "state": "CA"
      }, 
      {
        "display_name": "Shuler", 
        "id": "S001171", 
        "party": "D", 
        "state": "NC"
      }, 
      {
        "display_name": "Sires", 
        "id": "S001165", 
        "party": "D", 
        "state": "NJ"
      }, 
      {
        "display_name": "Slaughter", 
        "id": "S000480", 
        "party": "D", 
        "state": "NY"
      }, 
      {
        "display_name": "Smith (WA)", 
        "id": "S000510", 
        "party": "D", 
        "state": "WA"
      }, 
      {
        "display_name": "Speier", 
        "id": "S001175", 
        "party": "D", 
        "state": "CA"
      }, 
      {
        "display_name": "Stark", 
        "id": "S000810", 
        "party": "D", 
        "state": "CA"
      }, 
      {
        "display_name": "Sutton", 
        "id": "S001174", 
        "party": "D", 
        "state": "OH"
      }, 
      {
        "display_name": "Thompson (CA)", 
        "id": "T000460", 
        "party": "D", 
        "state": "CA"
      }, 
      {
        "display_name": "Thompson (MS)", 
        "id": "T000193", 
        "party": "D", 
        "state": "MS"
      }, 
      {
        "display_name": "Tierney", 
        "id": "T000266", 
        "party": "D", 
        "state": "MA"
      }, 
      {
        "display_name": "Tonko", 
        "id": "T000469", 
        "party": "D", 
        "state": "NY"
      }, 
      {
        "display_name": "Towns", 
        "id": "T000326", 
        "party": "D", 
        "state": "NY"
      }, 
      {
        "display_name": "Tsongas", 
        "id": "T000465", 
        "party": "D", 
        "state": "MA"
      }, 
      {
        "display_name": "Van Hollen", 
        "id": "V000128", 
        "party": "D", 
        "state": "MD"
      }, 
      {
        "display_name": "Vel\u00e1zquez", 
        "id": "V000081", 
        "party": "D", 
        "state": "NY"
      }, 
      {
        "display_name": "Visclosky", 
        "id": "V000108", 
        "party": "D", 
        "state": "IN"
      }, 
      {
        "display_name": "Walz (MN)", 
        "id": "W000799", 
        "party": "D", 
        "state": "MN"
      }, 
      {
        "display_name": "Wasserman Schultz", 
        "id": "W000797", 
        "party": "D", 
        "state": "FL"
      }, 
      {
        "display_name": "Waters", 
        "id": "W000187", 
        "party": "D", 
        "state": "CA"
      }, 
      {
        "display_name": "Watt", 
        "id": "W000207", 
        "party": "D", 
        "state": "NC"
      }, 
      {
        "display_name": "Waxman", 
        "id": "W000215", 
        "party": "D", 
        "state": "CA"
      }, 
      {
        "display_name": "Welch", 
        "id": "W000800", 
        "party": "D", 
        "state": "VT"
      }, 
      {
        "display_name": "Wilson (FL)", 
        "id": "W000808", 
        "party": "D", 
        "state": "FL"
      }, 
      {
        "display_name": "Woolsey", 
        "id": "W000738", 
        "party": "D", 
        "state": "CA"
      }
    ], 
    "Not Voting": [
      {
        "display_name": "Akin", 
        "id": "A000358", 
        "party": "R", 
        "state": "MO"
      }, 
      {
        "display_name": "Bachus", 
        "id": "B000013", 
        "party": "R", 
        "state": "AL"
      }, 
      {
        "display_name": "Bass (NH)", 
        "id": "B000220", 
        "party": "R", 
        "state": "NH"
      }, 
      {
        "display_name": "Bono Mack", 
        "id": "B001228", 
        "party": "R", 
        "state": "CA"
      }, 
      {
        "display_name": "Cleaver", 
        "id": "C001061", 
        "party": "D", 
        "state": "MO"
      }, 
      {
        "display_name": "Davis (IL)", 
        "id": "D000096", 
        "party": "D", 
        "state": "IL"
      }, 
      {
        "display_name": "Doggett", 
        "id": "D000399", 
        "party": "D", 
        "state": "TX"
      }, 
      {
        "display_name": "Dold", 
        "id": "D000613", 
        "party": "R", 
        "state": "IL"
      }, 
      {
        "display_name": "Gonzalez", 
        "id": "G000544", 
        "party": "D", 
        "state": "TX"
      }, 
      {
        "display_name": "Jackson (IL)", 
        "id": "J000283", 
        "party": "D", 
        "state": "IL"
      }, 
      {
        "display_name": "Kinzinger (IL)", 
        "id": "K000378", 
        "party": "R", 
        "state": "IL"
      }, 
      {
        "display_name": "Lee (CA)", 
        "id": "L000551", 
        "party": "D", 
        "state": "CA"
      }, 
      {
        "display_name": "Lewis (CA)", 
        "id": "L000274", 
        "party": "R", 
        "state": "CA"
      }, 
      {
        "display_name": "Lipinski", 
        "id": "L000563", 
        "party": "D", 
        "state": "IL"
      }, 
      {
        "display_name": "Manzullo", 
        "id": "M001138", 
        "party": "R", 
        "state": "IL"
      }, 
      {
        "display_name": "Marino", 
        "id": "M001179", 
        "party": "R", 
        "state": "PA"
      }, 
      {
        "display_name": "Meehan", 
        "id": "M001181", 
        "party": "R", 
        "state": "PA"
      }, 
      {
        "display_name": "Paul", 
        "id": "P000583", 
        "party": "R", 
        "state": "TX"
      }, 
      {
        "display_name": "Perlmutter", 
        "id": "P000593", 
        "party": "D", 
        "state": "CO"
      }, 
      {
        "display_name": "Rangel", 
        "id": "R000053", 
        "party": "D", 
        "state": "NY"
      }, 
      {
        "display_name": "Rush", 
        "id": "R000515", 
        "party": "D", 
        "state": "IL"
      }, 
      {
        "display_name": "S\u00e1nchez, Linda T.", 
        "id": "S001156", 
        "party": "D", 
        "state": "CA"
      }, 
      {
        "display_name": "Schock", 
        "id": "S001179", 
        "party": "R", 
        "state": "IL"
      }, 
      {
        "display_name": "Sessions", 
        "id": "S000250", 
        "party": "R", 
        "state": "TX"
      }, 
      {
        "display_name": "Tipton", 
        "id": "T000470", 
        "party": "R", 
        "state": "CO"
      }, 
      {
        "display_name": "Walsh (IL)", 
        "id": "W000811", 
        "party": "R", 
        "state": "IL"
      }, 
      {
        "display_name": "Yarmuth", 
        "id": "Y000062", 
        "party": "D", 
        "state": "KY"
      }
    ], 
    "Present": []
  }
}