<roll where="house" session="112" year="2012" roll="225" source="house.gov"
  datetime="2012-05-09T14:38:00-04:00" updated="2019-03-22T15:59:49-04:00"
  aye="411" nay="2" nv="9" present="9">
  <category>passage-suspension</category>
  <type>On Motion to Suspend the Rules and Pass, as Amended</type>
  <question>On Motion to Suspend the Rules and Pass, as Amended: H R 4133 To express the sense of Congress regarding the United States-Israel strategic relationship, to direct the President to submit to Congress reports on United States actions to enhance this relationship and to assist in the defense of Israel, and for other purposes</question>
  <required>2/3</required>
  <result>Passed</result>
  <bill session="112" type="h" number="4133"/>
  <option key="+">Yea</option>
  <option key="-">Nay</option>
  <option key="P">Present</option>
  <option key="0">Not Voting</option>
  <voter id="A000022" vote="+" value="Yea" state="NY"/>
  <voter id="A000366" vote="+" value="Yea" state="FL"/>
  <voter id="A000055" vote="+" value="Yea" state="AL"/>
  <voter id="A000358" vote="+" value="Yea" state="MO"/>
  <voter id="A000361" vote="+" value="Yea" state="LA"/>
  <voter id="A000362" vote="+" value="Yea" state="PA"/>
  <voter id="A000367" vote="+" value="Yea" state="MI"/>
  <voter id="A000369" vote="+" value="Yea" state="NV"/>
  <voter id="A000210" vote="+" value="Yea" state="NJ"/>
  <voter id="A000365" vote="+" value="Yea" state="OH"/>
  <voter id="B001234" vote="+" value="Yea" state="CA"/>
  <voter id="B000013" vote="+" value="Yea" state="AL"/>
  <voter id="B001230" vote="+" value="Yea" state="WI"/>
  <voter id="B001269" vote="+" value="Yea" state="PA"/>
  <voter id="B001252" vote="+" value="Yea" state="GA"/>
  <voter id="B000208" vote="+" value="Yea" state="MD"/>
  <voter id="B000213" vote="+" value="Yea" state="TX"/>
  <voter id="B001270" vote="+" value="Yea" state="CA"/>
  <voter id="B000220" vote="+" value="Yea" state="NH"/>
  <voter id="B000287" vote="+" value="Yea" state="CA"/>
  <voter id="B001271" vote="+" value="Yea" state="MI"/>
  <voter id="B001272" vote="+" value="Yea" state="ND"/>
  <voter id="B001231" vote="+" value="Yea" state="NV"/>
  <voter id="B000410" vote="+" value="Yea" state="CA"/>
  <voter id="B001232" vote="+" value="Yea" state="IL"/>
  <voter id="B000461" vote="+" value="Yea" state="CA"/>
  <voter id="B001257" vote="+" value="Yea" state="FL"/>
  <voter id="B000490" vote="+" value="Yea" state="GA"/>
  <voter id="B001242" vote="+" value="Yea" state="NY"/>
  <voter id="B001250" vote="+" value="Yea" state="UT"/>
  <voter id="B001273" vote="+" value="Yea" state="TN"/>
  <voter id="B001243" vote="+" value="Yea" state="TN"/>
  <voter id="B001278" vote="+" value="Yea" state="OR"/>
  <voter id="B001244" vote="+" value="Yea" state="AL"/>
  <voter id="B001228" vote="+" value="Yea" state="CA"/>
  <voter id="B001254" vote="+" value="Yea" state="OK"/>
  <voter id="B000652" vote="+" value="Yea" state="IA"/>
  <voter id="B001255" vote="+" value="Yea" state="LA"/>
  <voter id="B001227" vote="+" value="Yea" state="PA"/>
  <voter id="B000755" vote="+" value="Yea" state="TX"/>
  <voter id="B001259" vote="+" value="Yea" state="IA"/>
  <voter id="B001274" vote="+" value="Yea" state="AL"/>
  <voter id="B001262" vote="+" value="Yea" state="GA"/>
  <voter id="B000911" vote="+" value="Yea" state="FL"/>
  <voter id="B001260" vote="+" value="Yea" state="FL"/>
  <voter id="B001275" vote="+" value="Yea" state="IN"/>
  <voter id="B001276" vote="+" value="Yea" state="NY"/>
  <voter id="B001248" vote="+" value="Yea" state="TX"/>
  <voter id="B001251" vote="+" value="Yea" state="NC"/>
  <voter id="C000059" vote="+" value="Yea" state="CA"/>
  <voter id="C000071" vote="+" value="Yea" state="MI"/>
  <voter id="C001064" vote="+" value="Yea" state="CA"/>
  <voter id="C001082" vote="+" value="Yea" state="TX"/>
  <voter id="C001046" vote="+" value="Yea" state="VA"/>
  <voter id="C001047" vote="+" value="Yea" state="WV"/>
  <voter id="C001036" vote="+" value="Yea" state="CA"/>
  <voter id="C001037" vote="+" value="Yea" state="MA"/>
  <voter id="C001050" vote="+" value="Yea" state="CA"/>
  <voter id="C001060" vote="+" value="Yea" state="MO"/>
  <voter id="C001083" vote="+" value="Yea" state="DE"/>
  <voter id="C001051" vote="+" value="Yea" state="TX"/>
  <voter id="C001075" vote="+" value="Yea" state="LA"/>
  <voter id="C001066" vote="+" value="Yea" state="FL"/>
  <voter id="C000266" vote="+" value="Yea" state="OH"/>
  <voter id="C001076" vote="+" value="Yea" state="UT"/>
  <voter id="C001058" vote="+" value="Yea" state="KY"/>
  <voter id="C001080" vote="+" value="Yea" state="CA"/>
  <voter id="C001084" vote="+" value="Yea" state="RI"/>
  <voter id="C001085" vote="+" value="Yea" state="MI"/>
  <voter id="C001067" vote="+" value="Yea" state="NY"/>
  <voter id="C001049" vote="+" value="Yea" state="MO"/>
  <voter id="C001061" vote="+" value="Yea" state="MO"/>
  <voter id="C000537" vote="+" value="Yea" state="SC"/>
  <voter id="C000556" vote="+" value="Yea" state="NC"/>
  <voter id="C001077" vote="+" value="Yea" state="CO"/>
  <voter id="C001068" vote="+" value="Yea" state="TN"/>
  <voter id="C001053" vote="+" value="Yea" state="OK"/>
  <voter id="C001062" vote="+" value="Yea" state="TX"/>
  <voter id="C001078" vote="+" value="Yea" state="VA"/>
  <voter id="C000714" vote="+" value="Yea" state="MI"/>
  <voter id="C000754" vote="+" value="Yea" state="TN"/>
  <voter id="C001059" vote="+" value="Yea" state="CA"/>
  <voter id="C000794" vote="+" value="Yea" state="IL"/>
  <voter id="C001069" vote="+" value="Yea" state="CT"/>
  <voter id="C001086" vote="+" value="Yea" state="MN"/>
  <voter id="C001087" vote="+" value="Yea" state="AR"/>
  <voter id="C001045" vote="+" value="Yea" state="FL"/>
  <voter id="C001081" vote="+" value="Yea" state="PA"/>
  <voter id="C001038" vote="+" value="Yea" state="NY"/>
  <voter id="C001063" vote="+" value="Yea" state="TX"/>
  <voter id="C001048" vote="+" value="Yea" state="TX"/>
  <voter id="C000984" vote="+" value="Yea" state="MD"/>
  <voter id="D000598" vote="+" value="Yea" state="CA"/>
  <voter id="D000096" vote="+" value="Yea" state="IL"/>
  <voter id="D000603" vote="+" value="Yea" state="KY"/>
  <voter id="D000191" vote="+" value="Yea" state="OR"/>
  <voter id="D000197" vote="+" value="Yea" state="CO"/>
  <voter id="D000216" vote="+" value="Yea" state="CT"/>
  <voter id="D000612" vote="+" value="Yea" state="CA"/>
  <voter id="D000604" vote="+" value="Yea" state="PA"/>
  <voter id="D000616" vote="+" value="Yea" state="TN"/>
  <voter id="D000610" vote="+" value="Yea" state="FL"/>
  <voter id="D000600" vote="+" value="Yea" state="FL"/>
  <voter id="D000327" vote="+" value="Yea" state="WA"/>
  <voter id="D000399" vote="+" value="Yea" state="TX"/>
  <voter id="D000613" vote="+" value="Yea" state="IL"/>
  <voter id="D000482" vote="+" value="Yea" state="PA"/>
  <voter id="D000492" vote="+" value="Yea" state="CA"/>
  <voter id="D000614" vote="+" value="Yea" state="WI"/>
  <voter id="D000615" vote="+" value="Yea" state="SC"/>
  <voter id="D000533" vote="+" value="Yea" state="TN"/>
  <voter id="E000291" vote="+" value="Yea" state="NC"/>
  <voter id="E000172" vote="+" value="Yea" state="MO"/>
  <voter id="E000179" vote="+" value="Yea" state="NY"/>
  <voter id="F000460" vote="+" value="Yea" state="TX"/>
  <voter id="F000030" vote="+" value="Yea" state="CA"/>
  <voter id="F000043" vote="+" value="Yea" state="PA"/>
  <voter id="F000458" vote="+" value="Yea" state="TN"/>
  <voter id="F000451" vote="+" value="Yea" state="PA"/>
  <voter id="F000444" vote="+" value="Yea" state="AZ"/>
  <voter id="F000459" vote="+" value="Yea" state="TN"/>
  <voter id="F000456" vote="+" value="Yea" state="LA"/>
  <voter id="F000461" vote="+" value="Yea" state="TX"/>
  <voter id="F000445" vote="+" value="Yea" state="VA"/>
  <voter id="F000449" vote="+" value="Yea" state="NE"/>
  <voter id="F000450" vote="+" value="Yea" state="NC"/>
  <voter id="F000339" vote="+" value="Yea" state="MA"/>
  <voter id="F000448" vote="+" value="Yea" state="AZ"/>
  <voter id="F000372" vote="+" value="Yea" state="NJ"/>
  <voter id="F000455" vote="+" value="Yea" state="OH"/>
  <voter id="G000021" vote="+" value="Yea" state="CA"/>
  <voter id="G000562" vote="+" value="Yea" state="CO"/>
  <voter id="G000548" vote="+" value="Yea" state="NJ"/>
  <voter id="G000549" vote="+" value="Yea" state="PA"/>
  <voter id="G000563" vote="+" value="Yea" state="OH"/>
  <voter id="G000564" vote="+" value="Yea" state="NY"/>
  <voter id="G000550" vote="+" value="Yea" state="GA"/>
  <voter id="G000552" vote="+" value="Yea" state="TX"/>
  <voter id="G000544" vote="+" value="Yea" state="TX"/>
  <voter id="G000289" vote="+" value="Yea" state="VA"/>
  <voter id="G000565" vote="+" value="Yea" state="AZ"/>
  <voter id="G000566" vote="+" value="Yea" state="SC"/>
  <voter id="G000377" vote="+" value="Yea" state="TX"/>
  <voter id="G000560" vote="+" value="Yea" state="GA"/>
  <voter id="G000546" vote="+" value="Yea" state="MO"/>
  <voter id="G000553" vote="+" value="Yea" state="TX"/>
  <voter id="G000410" vote="+" value="Yea" state="TX"/>
  <voter id="G000567" vote="+" value="Yea" state="AR"/>
  <voter id="G000568" vote="+" value="Yea" state="VA"/>
  <voter id="G000551" vote="+" value="Yea" state="AZ"/>
  <voter id="G000569" vote="+" value="Yea" state="NY"/>
  <voter id="G000570" vote="+" value="Yea" state="NH"/>
  <voter id="G000558" vote="+" value="Yea" state="KY"/>
  <voter id="G000535" vote="+" value="Yea" state="IL"/>
  <voter id="H001063" vote="+" value="Yea" state="CA"/>
  <voter id="H000067" vote="+" value="Yea" state="TX"/>
  <voter id="H001050" vote="+" value="Yea" state="HI"/>
  <voter id="H001051" vote="+" value="Yea" state="NY"/>
  <voter id="H001045" vote="+" value="Yea" state="MS"/>
  <voter id="H001052" vote="+" value="Yea" state="MD"/>
  <voter id="H001053" vote="+" value="Yea" state="MO"/>
  <voter id="H000324" vote="+" value="Yea" state="FL"/>
  <voter id="H000329" vote="+" value="Yea" state="WA"/>
  <voter id="H001054" vote="+" value="Yea" state="NY"/>
  <voter id="H001055" vote="+" value="Yea" state="NV"/>
  <voter id="H001046" vote="+" value="Yea" state="NM"/>
  <voter id="H001036" vote="+" value="Yea" state="TX"/>
  <voter id="H000528" vote="+" value="Yea" state="CA"/>
  <voter id="H001056" vote="+" value="Yea" state="WA"/>
  <voter id="H001038" vote="+" value="Yea" state="NY"/>
  <voter id="H001047" vote="+" value="Yea" state="CT"/>
  <voter id="H000627" vote="+" value="Yea" state="NY"/>
  <voter id="H000636" vote="+" value="Yea" state="TX"/>
  <voter id="H001042" vote="+" value="Yea" state="HI"/>
  <voter id="H001062" vote="+" value="Yea" state="NY"/>
  <voter id="H000712" vote="+" value="Yea" state="PA"/>
  <voter id="H001032" vote="+" value="Yea" state="NJ"/>
  <voter id="H001034" vote="+" value="Yea" state="CA"/>
  <voter id="H000874" vote="+" value="Yea" state="MD"/>
  <voter id="H001057" vote="+" value="Yea" state="KS"/>
  <voter id="H001058" vote="+" value="Yea" state="MI"/>
  <voter id="H001059" vote="+" value="Yea" state="IL"/>
  <voter id="H001048" vote="+" value="Yea" state="CA"/>
  <voter id="H001060" vote="+" value="Yea" state="VA"/>
  <voter id="I000057" vote="+" value="Yea" state="NY"/>
  <voter id="I000056" vote="+" value="Yea" state="CA"/>
  <voter id="J000283" vote="+" value="Yea" state="IL"/>
  <voter id="J000032" vote="+" value="Yea" state="TX"/>
  <voter id="J000290" vote="+" value="Yea" state="KS"/>
  <voter id="J000288" vote="+" value="Yea" state="GA"/>
  <voter id="J000285" vote="+" value="Yea" state="IL"/>
  <voter id="J000292" vote="+" value="Yea" state="OH"/>
  <voter id="J000126" vote="+" value="Yea" state="TX"/>
  <voter id="J000174" vote="+" value="Yea" state="TX"/>
  <voter id="J000289" vote="+" value="Yea" state="OH"/>
  <voter id="K000009" vote="+" value="Yea" state="OH"/>
  <voter id="K000375" vote="+" value="Yea" state="MA"/>
  <voter id="K000376" vote="+" value="Yea" state="PA"/>
  <voter id="K000172" vote="+" value="Yea" state="MI"/>
  <voter id="K000188" vote="+" value="Yea" state="WI"/>
  <voter id="K000362" vote="+" value="Yea" state="IA"/>
  <voter id="K000210" vote="+" value="Yea" state="NY"/>
  <voter id="K000220" vote="+" value="Yea" state="GA"/>
  <voter id="K000378" vote="+" value="Yea" state="IL"/>
  <voter id="K000369" vote="+" value="Yea" state="NC"/>
  <voter id="K000363" vote="+" value="Yea" state="MN"/>
  <voter id="L000573" vote="+" value="Yea" state="ID"/>
  <voter id="L000564" vote="+" value="Yea" state="CO"/>
  <voter id="L000567" vote="+" value="Yea" state="NJ"/>
  <voter id="L000574" vote="+" value="Yea" state="LA"/>
  <voter id="L000559" vote="+" value="Yea" state="RI"/>
  <voter id="L000575" vote="+" value="Yea" state="OK"/>
  <voter id="L000560" vote="+" value="Yea" state="WA"/>
  <voter id="L000557" vote="+" value="Yea" state="CT"/>
  <voter id="L000111" vote="+" value="Yea" state="IA"/>
  <voter id="L000553" vote="+" value="Yea" state="OH"/>
  <voter id="L000566" vote="+" value="Yea" state="OH"/>
  <voter id="L000263" vote="+" value="Yea" state="MI"/>
  <voter id="L000274" vote="+" value="Yea" state="CA"/>
  <voter id="L000287" vote="+" value="Yea" state="GA"/>
  <voter id="L000563" vote="+" value="Yea" state="IL"/>
  <voter id="L000554" vote="+" value="Yea" state="NJ"/>
  <voter id="L000565" vote="+" value="Yea" state="IA"/>
  <voter id="L000397" vote="+" value="Yea" state="CA"/>
  <voter id="L000576" vote="+" value="Yea" state="MO"/>
  <voter id="L000480" vote="+" value="Yea" state="NY"/>
  <voter id="L000491" vote="+" value="Yea" state="OK"/>
  <voter id="L000569" vote="+" value="Yea" state="MO"/>
  <voter id="L000570" vote="+" value="Yea" state="NM"/>
  <voter id="L000571" vote="+" value="Yea" state="WY"/>
  <voter id="L000517" vote="+" value="Yea" state="CA"/>
  <voter id="L000562" vote="+" value="Yea" state="MA"/>
  <voter id="M001155" vote="+" value="Yea" state="FL"/>
  <voter id="M000087" vote="+" value="Yea" state="NY"/>
  <voter id="M001138" vote="+" value="Yea" state="IL"/>
  <voter id="M001158" vote="+" value="Yea" state="TX"/>
  <voter id="M001179" vote="+" value="Yea" state="PA"/>
  <voter id="M000133" vote="+" value="Yea" state="MA"/>
  <voter id="M001142" vote="+" value="Yea" state="UT"/>
  <voter id="M001163" vote="+" value="Yea" state="CA"/>
  <voter id="M001165" vote="+" value="Yea" state="CA"/>
  <voter id="M000309" vote="+" value="Yea" state="NY"/>
  <voter id="M001157" vote="+" value="Yea" state="TX"/>
  <voter id="M001177" vote="+" value="Yea" state="CA"/>
  <voter id="M001147" vote="+" value="Yea" state="MI"/>
  <voter id="M000404" vote="+" value="Yea" state="WA"/>
  <voter id="M000312" vote="+" value="Yea" state="MA"/>
  <voter id="M001156" vote="+" value="Yea" state="NC"/>
  <voter id="M000485" vote="+" value="Yea" state="NC"/>
  <voter id="M000508" vote="+" value="Yea" state="CA"/>
  <voter id="M001180" vote="+" value="Yea" state="WV"/>
  <voter id="M001159" vote="+" value="Yea" state="WA"/>
  <voter id="M001166" vote="+" value="Yea" state="CA"/>
  <voter id="M001181" vote="+" value="Yea" state="PA"/>
  <voter id="M001137" vote="+" value="Yea" state="NY"/>
  <voter id="M000689" vote="+" value="Yea" state="FL"/>
  <voter id="M001149" vote="+" value="Yea" state="ME"/>
  <voter id="M001144" vote="+" value="Yea" state="FL"/>
  <voter id="M001150" vote="+" value="Yea" state="MI"/>
  <voter id="M001154" vote="+" value="Yea" state="NC"/>
  <voter id="M001139" vote="+" value="Yea" state="CA"/>
  <voter id="M000725" vote="+" value="Yea" state="CA"/>
  <voter id="M001160" vote="+" value="Yea" state="WI"/>
  <voter id="M000933" vote="+" value="Yea" state="VA"/>
  <voter id="M001182" vote="+" value="Yea" state="SC"/>
  <voter id="M001169" vote="+" value="Yea" state="CT"/>
  <voter id="M001151" vote="+" value="Yea" state="PA"/>
  <voter id="M001134" vote="+" value="Yea" state="NC"/>
  <voter id="N000002" vote="+" value="Yea" state="NY"/>
  <voter id="N000179" vote="+" value="Yea" state="CA"/>
  <voter id="N000015" vote="+" value="Yea" state="MA"/>
  <voter id="N000182" vote="+" value="Yea" state="TX"/>
  <voter id="N000184" vote="+" value="Yea" state="SD"/>
  <voter id="N000185" vote="+" value="Yea" state="FL"/>
  <voter id="N000181" vote="+" value="Yea" state="CA"/>
  <voter id="N000186" vote="+" value="Yea" state="MS"/>
  <voter id="O000168" vote="+" value="Yea" state="TX"/>
  <voter id="O000085" vote="+" value="Yea" state="MA"/>
  <voter id="O000169" vote="+" value="Yea" state="NY"/>
  <voter id="P000601" vote="+" value="Yea" state="MS"/>
  <voter id="P000034" vote="+" value="Yea" state="NJ"/>
  <voter id="P000096" vote="+" value="Yea" state="NJ"/>
  <voter id="P000099" vote="+" value="Yea" state="AZ"/>
  <voter id="P000594" vote="+" value="Yea" state="MN"/>
  <voter id="P000588" vote="+" value="Yea" state="NM"/>
  <voter id="P000197" vote="+" value="Yea" state="CA"/>
  <voter id="P000587" vote="+" value="Yea" state="IN"/>
  <voter id="P000593" vote="+" value="Yea" state="CO"/>
  <voter id="P000595" vote="+" value="Yea" state="MI"/>
  <voter id="P000258" vote="+" value="Yea" state="MN"/>
  <voter id="P000265" vote="+" value="Yea" state="WI"/>
  <voter id="P000597" vote="+" value="Yea" state="ME"/>
  <voter id="P000373" vote="+" value="Yea" state="PA"/>
  <voter id="P000585" vote="+" value="Yea" state="PA"/>
  <voter id="P000592" vote="+" value="Yea" state="TX"/>
  <voter id="P000598" vote="+" value="Yea" state="CO"/>
  <voter id="P000602" vote="+" value="Yea" state="KS"/>
  <voter id="P000599" vote="+" value="Yea" state="FL"/>
  <voter id="P000591" vote="+" value="Yea" state="GA"/>
  <voter id="P000523" vote="+" value="Yea" state="NC"/>
  <voter id="Q000024" vote="+" value="Yea" state="AZ"/>
  <voter id="Q000023" vote="+" value="Yea" state="IL"/>
  <voter id="R000011" vote="+" value="Yea" state="WV"/>
  <voter id="R000053" vote="+" value="Yea" state="NY"/>
  <voter id="R000585" vote="+" value="Yea" state="NY"/>
  <voter id="R000571" vote="+" value="Yea" state="MT"/>
  <voter id="R000578" vote="+" value="Yea" state="WA"/>
  <voter id="R000586" vote="+" value="Yea" state="OH"/>
  <voter id="R000170" vote="+" value="Yea" state="TX"/>
  <voter id="R000587" vote="+" value="Yea" state="WI"/>
  <voter id="R000581" vote="+" value="Yea" state="CA"/>
  <voter id="R000588" vote="+" value="Yea" state="LA"/>
  <voter id="R000589" vote="+" value="Yea" state="VA"/>
  <voter id="R000590" vote="+" value="Yea" state="FL"/>
  <voter id="R000591" vote="+" value="Yea" state="AL"/>
  <voter id="R000582" vote="+" value="Yea" state="TN"/>
  <voter id="R000575" vote="+" value="Yea" state="AL"/>
  <voter id="R000395" vote="+" value="Yea" state="KY"/>
  <voter id="R000572" vote="+" value="Yea" state="MI"/>
  <voter id="R000409" vote="+" value="Yea" state="CA"/>
  <voter id="R000592" vote="+" value="Yea" state="IN"/>
  <voter id="R000583" vote="+" value="Yea" state="FL"/>
  <voter id="R000435" vote="+" value="Yea" state="FL"/>
  <voter id="R000580" vote="+" value="Yea" state="IL"/>
  <voter id="R000573" vote="+" value="Yea" state="AR"/>
  <voter id="R000593" vote="+" value="Yea" state="FL"/>
  <voter id="R000462" vote="+" value="Yea" state="NJ"/>
  <voter id="R000486" vote="+" value="Yea" state="CA"/>
  <voter id="R000487" vote="+" value="Yea" state="CA"/>
  <voter id="R000594" vote="+" value="Yea" state="NJ"/>
  <voter id="R000576" vote="+" value="Yea" state="MD"/>
  <voter id="R000515" vote="+" value="Yea" state="IL"/>
  <voter id="R000577" vote="+" value="Yea" state="OH"/>
  <voter id="R000570" vote="+" value="Yea" state="WI"/>
  <voter id="S001156" vote="+" value="Yea" state="CA"/>
  <voter id="S000030" vote="+" value="Yea" state="CA"/>
  <voter id="S001168" vote="+" value="Yea" state="MD"/>
  <voter id="S001176" vote="+" value="Yea" state="LA"/>
  <voter id="S001145" vote="+" value="Yea" state="IL"/>
  <voter id="S001150" vote="+" value="Yea" state="CA"/>
  <voter id="S001182" vote="+" value="Yea" state="IL"/>
  <voter id="S001164" vote="+" value="Yea" state="OH"/>
  <voter id="S001179" vote="+" value="Yea" state="IL"/>
  <voter id="S001180" vote="+" value="Yea" state="OR"/>
  <voter id="S001162" vote="+" value="Yea" state="PA"/>
  <voter id="S001183" vote="+" value="Yea" state="AZ"/>
  <voter id="S001184" vote="+" value="Yea" state="SC"/>
  <voter id="S000185" vote="+" value="Yea" state="VA"/>
  <voter id="S001189" vote="+" value="Yea" state="GA"/>
  <voter id="S001157" vote="+" value="Yea" state="GA"/>
  <voter id="S000244" vote="+" value="Yea" state="WI"/>
  <voter id="S000248" vote="+" value="Yea" state="NY"/>
  <voter id="S000250" vote="+" value="Yea" state="TX"/>
  <voter id="S001185" vote="+" value="Yea" state="AL"/>
  <voter id="S000344" vote="+" value="Yea" state="CA"/>
  <voter id="S000364" vote="+" value="Yea" state="IL"/>
  <voter id="S001171" vote="+" value="Yea" state="NC"/>
  <voter id="S001154" vote="+" value="Yea" state="PA"/>
  <voter id="S001148" vote="+" value="Yea" state="ID"/>
  <voter id="S001165" vote="+" value="Yea" state="NJ"/>
  <voter id="S001172" vote="+" value="Yea" state="NE"/>
  <voter id="S000522" vote="+" value="Yea" state="NJ"/>
  <voter id="S000583" vote="+" value="Yea" state="TX"/>
  <voter id="S000510" vote="+" value="Yea" state="WA"/>
  <voter id="S001186" vote="+" value="Yea" state="FL"/>
  <voter id="S001175" vote="+" value="Yea" state="CA"/>
  <voter id="S000822" vote="+" value="Yea" state="FL"/>
  <voter id="S001188" vote="+" value="Yea" state="IN"/>
  <voter id="S001155" vote="+" value="Yea" state="OK"/>
  <voter id="S001174" vote="+" value="Yea" state="OH"/>
  <voter id="T000459" vote="+" value="Yea" state="NE"/>
  <voter id="T000460" vote="+" value="Yea" state="CA"/>
  <voter id="T000193" vote="+" value="Yea" state="MS"/>
  <voter id="T000467" vote="+" value="Yea" state="PA"/>
  <voter id="T000238" vote="+" value="Yea" state="TX"/>
  <voter id="T000462" vote="+" value="Yea" state="OH"/>
  <voter id="T000266" vote="+" value="Yea" state="MA"/>
  <voter id="T000470" vote="+" value="Yea" state="CO"/>
  <voter id="T000469" vote="+" value="Yea" state="NY"/>
  <voter id="T000326" vote="+" value="Yea" state="NY"/>
  <voter id="T000465" vote="+" value="Yea" state="MA"/>
  <voter id="T000471" vote="+" value="Yea" state="NY"/>
  <voter id="T000463" vote="+" value="Yea" state="OH"/>
  <voter id="U000031" vote="+" value="Yea" state="MI"/>
  <voter id="V000128" vote="+" value="Yea" state="MD"/>
  <voter id="V000081" vote="+" value="Yea" state="NY"/>
  <voter id="V000108" vote="+" value="Yea" state="IN"/>
  <voter id="W000798" vote="+" value="Yea" state="MI"/>
  <voter id="W000791" vote="+" value="Yea" state="OR"/>
  <voter id="W000811" vote="+" value="Yea" state="IL"/>
  <voter id="W000799" vote="+" value="Yea" state="MN"/>
  <voter id="W000797" vote="+" value="Yea" state="FL"/>
  <voter id="W000187" vote="+" value="Yea" state="CA"/>
  <voter id="W000207" vote="+" value="Yea" state="NC"/>
  <voter id="W000215" vote="+" value="Yea" state="CA"/>
  <voter id="W000806" vote="+" value="Yea" state="FL"/>
  <voter id="W000800" vote="+" value="Yea" state="VT"/>
  <voter id="W000807" vote="+" value="Yea" state="FL"/>
  <voter id="W000796" vote="+" value="Yea" state="GA"/>
  <voter id="W000413" vote="+" value="Yea" state="KY"/>
  <voter id="W000808" vote="+" value="Yea" state="FL"/>
  <voter id="W000795" vote="+" value="Yea" state="SC"/>
  <voter id="W000804" vote="+" value="Yea" state="VA"/>
  <voter id="W000672" vote="+" value="Yea" state="VA"/>
  <voter id="W000809" vote="+" value="Yea" state="AR"/>
  <voter id="W000810" vote="+" value="Yea" state="GA"/>
  <voter id="Y000062" vote="+" value="Yea" state="KY"/>
  <voter id="Y000063" vote="+" value="Yea" state="KS"/>
  <voter id="Y000033" vote="+" value="Yea" state="AK"/>
  <voter id="Y000031" vote="+" value="Yea" state="FL"/>
  <voter id="Y000064" vote="+" value="Yea" state="IN"/>
  <voter id="D000355" vote="-" value="Nay" state="MI"/>
  <voter id="P000583" vote="-" value="Nay" state="TX"/>
  <voter id="B000574" vote="P" value="Present" state="OR"/>
  <voter id="C001072" vote="P" value="Present" state="IN"/>
  <voter id="E000290" vote="P" value="Present" state="MD"/>
  <voter id="E000288" vote="P" value="Present" state="MN"/>
  <voter id="J000255" vote="P" value="Present" state="NC"/>
  <voter id="L000551" vote="P" value="Present" state="CA"/>
  <voter id="M001143" vote="P" value="Present" state="MN"/>
  <voter id="S000810" vote="P" value="Present" state="CA"/>
  <voter id="W000738" vote="P" value="Present" state="CA"/>
  <voter id="B001256" vote="0" value="Not Voting" state="MN"/>
  <voter id="B001149" vote="0" value="Not Voting" state="IN"/>
  <voter id="D000607" vote="0" value="Not Voting" state="IN"/>
  <voter id="E000215" vote="0" value="Not Voting" state="CA"/>
  <voter id="F000116" vote="0" value="Not Voting" state="CA"/>
  <voter id="G000559" vote="0" value="Not Voting" state="CA"/>
  <voter id="K000336" vote="0" value="Not Voting" state="OH"/>
  <voter id="S000480" vote="0" value="Not Voting" state="NY"/>
  <voter id="S001187" vote="0" value="Not Voting" state="OH"/>
</roll>
